{"cameraMode":{"drawMode":0,"name":"Shaded","section":"Shading Mode"},"sceneLighting":false,"audioPlay":false,"sceneViewState":{"showFog":true,"showMaterialUpdate":false,"showSkybox":false,"showFlares":true,"showImageEffects":true,"showParticleSystems":true,"showVisualEffectGraphs":true,"m_FxEnabled":true},"in2DMode":false,"pivot":{"x":4.6566128730773928e-7,"y":1.7380000352859498,"z":-0.12338846921920777},"rotation":{"x":0.037342749536037448,"y":0.9609354138374329,"z":-0.2217644304037094,"w":0.16178911924362184},"size":1.546748399734497,"orthographic":false}