{"cameraMode":{"drawMode":0,"name":"Shaded","section":"Shading Mode"},"sceneLighting":false,"audioPlay":false,"sceneViewState":{"showFog":true,"showMaterialUpdate":false,"showSkybox":false,"showFlares":true,"showImageEffects":true,"showParticleSystems":true,"showVisualEffectGraphs":true,"m_FxEnabled":true},"in2DMode":false,"pivot":{"x":-0.0035936832427978517,"y":1.9748222827911378,"z":6.868048667907715},"rotation":{"x":-0.1541062444448471,"y":-0.03348689526319504,"z":0.005252561066299677,"w":-0.9874931573867798},"size":0.9590937495231628,"orthographic":false}