{"cameraMode":{"drawMode":0,"name":"Shaded","section":"Shading Mode"},"sceneLighting":false,"audioPlay":false,"sceneViewState":{"showFog":true,"showMaterialUpdate":false,"showSkybox":true,"showFlares":true,"showImageEffects":true,"showParticleSystems":true,"showVisualEffectGraphs":true,"m_FxEnabled":true},"in2DMode":false,"pivot":{"x":0.22581233084201814,"y":1.8294227123260499,"z":7.089263916015625},"rotation":{"x":-0.37141773104667666,"y":0.05900619179010391,"z":-0.02363409288227558,"w":-0.9263799786567688},"size":1.6734278202056885,"orthographic":false}