{"cameraMode":{"drawMode":0,"name":"Shaded","section":"Shading Mode"},"sceneLighting":true,"audioPlay":false,"sceneViewState":{"showFog":true,"showMaterialUpdate":false,"showSkybox":true,"showFlares":true,"showImageEffects":true,"showParticleSystems":true},"in2DMode":false,"pivot":{"x":-0.18224972486495973,"y":1.1785979270935059,"z":6.847878456115723},"rotation":{"x":-0.0792599469423294,"y":-0.06275037676095963,"z":0.004999656695872545,"w":-0.9948644638061523},"size":14.688607215881348,"orthographic":false}