{"cameraMode":{"drawMode":0,"name":"Shaded","section":"Shading Mode"},"sceneLighting":false,"audioPlay":false,"sceneViewState":{"showFog":true,"showMaterialUpdate":false,"showSkybox":false,"showFlares":true,"showImageEffects":true,"showParticleSystems":true},"in2DMode":false,"pivot":{"x":-0.029200032353401185,"y":0.26805007457733157,"z":0.9978999495506287},"rotation":{"x":0.23780357837677003,"y":0.2911764085292816,"z":-0.07497015595436096,"w":0.9236045479774475},"size":1.0893487930297852,"orthographic":false}