{"cameraMode":{"drawMode":0,"name":"Shaded","section":"Shading Mode"},"sceneLighting":false,"audioPlay":false,"sceneViewState":{"showFog":true,"showMaterialUpdate":false,"showSkybox":false,"showFlares":true,"showImageEffects":true,"showParticleSystems":true},"in2DMode":false,"pivot":{"x":-5.960464477539063e-8,"y":0.942918062210083,"z":-4.789999961853027},"rotation":{"x":0.17893826961517335,"y":-0.03157781809568405,"z":0.005745874717831612,"w":0.9833366870880127},"size":4.211910247802734,"orthographic":false}