{"cameraMode":{"drawMode":0,"name":"Shaded","section":"Shading Mode"},"sceneLighting":false,"audioPlay":false,"sceneViewState":{"showFog":true,"showMaterialUpdate":false,"showSkybox":false,"showFlares":true,"showImageEffects":true,"showParticleSystems":true,"showVisualEffectGraphs":true,"m_FxEnabled":true},"in2DMode":false,"pivot":{"x":-0.6840000152587891,"y":1.2472810745239258,"z":4.618200302124023},"rotation":{"x":-0.2728276252746582,"y":-0.005194042809307575,"z":0.0014764292864128948,"w":-0.9621397256851196},"size":1.212239384651184,"orthographic":false}