{"cameraMode":{"drawMode":0,"name":"Shaded","section":"Shading Mode"},"sceneLighting":false,"audioPlay":false,"sceneViewState":{"showFog":true,"showMaterialUpdate":false,"showSkybox":false,"showFlares":true,"showImageEffects":true,"showParticleSystems":true,"showVisualEffectGraphs":true,"m_FxEnabled":true},"in2DMode":false,"pivot":{"x":5.1604790687561039,"y":1.184999942779541,"z":6.592206001281738},"rotation":{"x":-0.15270553529262544,"y":-0.014229870401322842,"z":0.002212545135989785,"w":-0.9882434606552124},"size":0.6115647554397583,"orthographic":false}